{
  "agent" : null,
  "agentCluster" : null,
  "agentClusterVar" : null,
  "agentFieldsRestriction" : "No Restriction",
  "agentType" : "Linux/Unix",
  "agentVar" : null,
  "alwaysCancelOnFinish" : false,
  "autoCleanup" : false,
  "automaticOutputRetrievalFieldsRestriction" : "No Restriction",
  "broadcastCluster" : null,
  "broadcastClusterVar" : null,
  "commands" : [ ],
  "createConsole" : false,
  "credentialFieldsRestriction" : "No Restriction",
  "credentials" : null,
  "credentialsVar" : null,
  "description" : "v1.9",
  "desktopInteract" : false,
  "elevateUser" : false,
  "environment" : [ ],
  "environmentVariablesFieldsRestriction" : "No Restriction",
  "exitCodeOutput" : null,
  "exitCodeProcessing" : "Success Exitcode Range",
  "exitCodeProcessingFieldsRestriction" : "No Restriction",
  "exitCodeText" : null,
  "exitCodes" : "0",
  "exportReleaseLevel" : "7.0.0.0",
  "extension" : null,
  "fields" : [ {
    "arrayNameTitle" : null,
    "arrayValueTitle" : null,
    "booleanNoValue" : null,
    "booleanValueType" : "true/false",
    "booleanYesValue" : null,
    "choiceAllowEmpty" : false,
    "choiceAllowMultiple" : false,
    "choiceDynamic" : false,
    "choiceFields" : [ ],
    "choiceSortOption" : "Sequence",
    "choices" : [ {
      "fieldValue" : "lsd",
      "fieldValueLabel" : "list directory",
      "sequence" : 0,
      "sysId" : "d63f6e3005c74b3f9d8f7d42abaecf38",
      "useFieldValueForLabel" : false
    }, {
      "fieldValue" : "copy",
      "fieldValueLabel" : "copy",
      "sequence" : 1,
      "sysId" : "29fb3f2561c843ed8725bd792eb19262",
      "useFieldValueForLabel" : false
    }, {
      "fieldValue" : "list-objects",
      "fieldValueLabel" : "list objects",
      "sequence" : 2,
      "sysId" : "6eb7885540354a18867388383b0e6522",
      "useFieldValueForLabel" : false
    }, {
      "fieldValue" : "move",
      "sequence" : 3,
      "sysId" : "a9800480575245b8b6d01e5805efeb0d",
      "useFieldValueForLabel" : true
    }, {
      "fieldValue" : "remove-object",
      "sequence" : 4,
      "sysId" : "73fce70a88a04a1b81ffd1d955c7b2ca",
      "useFieldValueForLabel" : true
    }, {
      "fieldValue" : "remove-object-store",
      "sequence" : 5,
      "sysId" : "66bab42143c143a382153276f8059a0c",
      "useFieldValueForLabel" : true
    }, {
      "fieldValue" : "create-object-store",
      "sequence" : 6,
      "sysId" : "e5e721da81894c2db7f1c3ed5e465692",
      "useFieldValueForLabel" : true
    }, {
      "fieldValue" : "copy-url",
      "sequence" : 7,
      "sysId" : "00985f149ff044c19c006441486b2b3c",
      "useFieldValueForLabel" : true
    }, {
      "fieldValue" : "monitor-object",
      "sequence" : 8,
      "sysId" : "8519b4badf534853a2b3ed2ddc4123fc",
      "useFieldValueForLabel" : true
    } ],
    "defaultListView" : false,
    "fieldLength" : null,
    "fieldMapping" : "Choice Field 1",
    "fieldRestriction" : "No Restriction",
    "fieldType" : "Choice",
    "fieldValue" : "lsd",
    "formColumnSpan" : 1,
    "formEndRow" : false,
    "formStartRow" : false,
    "hint" : null,
    "intFieldMax" : null,
    "intFieldMin" : null,
    "label" : "Action",
    "name" : "action",
    "noSpaceIfHidden" : false,
    "preserveOutputOnRerun" : false,
    "preserveValueIfHidden" : false,
    "requireIfField" : null,
    "requireIfFieldValue" : null,
    "requireIfVisible" : false,
    "required" : false,
    "sequence" : 0,
    "showIfField" : null,
    "showIfFieldValue" : null,
    "sysId" : "eb6d22edb906482f8ca002e1d39ce93f",
    "textType" : "Plain"
  }, {
    "arrayNameTitle" : null,
    "arrayValueTitle" : null,
    "booleanNoValue" : null,
    "booleanValueType" : "true/false",
    "booleanYesValue" : null,
    "choiceAllowEmpty" : false,
    "choiceAllowMultiple" : false,
    "choiceDynamic" : false,
    "choiceFields" : [ ],
    "choiceSortOption" : "Sequence",
    "choices" : [ {
      "fieldValue" : "INFO",
      "sequence" : 0,
      "sysId" : "d50ab2ed15894a439105731df862219b",
      "useFieldValueForLabel" : true
    }, {
      "fieldValue" : "DEBUG",
      "sequence" : 1,
      "sysId" : "60c9c38fd9844f849ce2ac81b32bafb5",
      "useFieldValueForLabel" : true
    }, {
      "fieldValue" : "WARNING",
      "sequence" : 2,
      "sysId" : "d2a8d94a49d541a39426e3f5ab4d3d60",
      "useFieldValueForLabel" : true
    }, {
      "fieldValue" : "ERROR",
      "sequence" : 3,
      "sysId" : "6d70a9dfb1f948f28757014266de30e0",
      "useFieldValueForLabel" : true
    }, {
      "fieldValue" : "CRITICAL",
      "sequence" : 4,
      "sysId" : "99e2596bb3824e68a24b66dfacd684ef",
      "useFieldValueForLabel" : true
    } ],
    "defaultListView" : false,
    "fieldLength" : null,
    "fieldMapping" : "Choice Field 2",
    "fieldRestriction" : "No Restriction",
    "fieldType" : "Choice",
    "fieldValue" : "INFO",
    "formColumnSpan" : 1,
    "formEndRow" : false,
    "formStartRow" : false,
    "hint" : null,
    "intFieldMax" : null,
    "intFieldMin" : null,
    "label" : "Loglevel",
    "name" : "loglevel",
    "noSpaceIfHidden" : false,
    "preserveOutputOnRerun" : false,
    "preserveValueIfHidden" : false,
    "requireIfField" : null,
    "requireIfFieldValue" : null,
    "requireIfVisible" : false,
    "required" : false,
    "sequence" : 1,
    "showIfField" : null,
    "showIfFieldValue" : null,
    "sysId" : "7249a509d6194b8d80bd283477d327cd",
    "textType" : "Plain"
  }, {
    "arrayNameTitle" : null,
    "arrayValueTitle" : null,
    "booleanNoValue" : null,
    "booleanValueType" : "true/false",
    "booleanYesValue" : null,
    "choiceAllowEmpty" : false,
    "choiceAllowMultiple" : false,
    "choiceDynamic" : false,
    "choiceFields" : [ ],
    "choiceSortOption" : "Sequence",
    "choices" : [ ],
    "defaultListView" : false,
    "fieldLength" : null,
    "fieldMapping" : "Script Field 1",
    "fieldRestriction" : "No Restriction",
    "fieldType" : "Script",
    "fieldValue" : null,
    "formColumnSpan" : 1,
    "formEndRow" : false,
    "formStartRow" : false,
    "hint" : null,
    "intFieldMax" : null,
    "intFieldMin" : null,
    "label" : "Connection File",
    "name" : "rclone_conf",
    "noSpaceIfHidden" : false,
    "preserveOutputOnRerun" : false,
    "preserveValueIfHidden" : false,
    "requireIfField" : null,
    "requireIfFieldValue" : null,
    "requireIfVisible" : false,
    "required" : false,
    "sequence" : 2,
    "showIfField" : null,
    "showIfFieldValue" : null,
    "sysId" : "e50a3a276a984599b6ba1212f3dd3cd1",
    "textType" : "Plain"
  }, {
    "arrayNameTitle" : null,
    "arrayValueTitle" : null,
    "booleanNoValue" : null,
    "booleanValueType" : "true/false",
    "booleanYesValue" : null,
    "choiceAllowEmpty" : false,
    "choiceAllowMultiple" : false,
    "choiceDynamic" : false,
    "choiceFields" : [ ],
    "choiceSortOption" : "Sequence",
    "choices" : [ ],
    "defaultListView" : false,
    "fieldLength" : null,
    "fieldMapping" : "Text Field 10",
    "fieldRestriction" : "No Restriction",
    "fieldType" : "Text",
    "fieldValue" : null,
    "formColumnSpan" : 1,
    "formEndRow" : false,
    "formStartRow" : false,
    "hint" : "enter a storage type defined in the Connection File",
    "intFieldMax" : null,
    "intFieldMin" : null,
    "label" : "Storage Type",
    "name" : "storage_type",
    "noSpaceIfHidden" : false,
    "preserveOutputOnRerun" : false,
    "preserveValueIfHidden" : false,
    "requireIfField" : null,
    "requireIfFieldValue" : null,
    "requireIfVisible" : false,
    "required" : false,
    "sequence" : 6,
    "showIfField" : "Choice Field 1",
    "showIfFieldValue" : "list-objects,lsd,create-object-store,remove-object,remove-object-store,monitor-object",
    "sysId" : "b1bef417b11340e887c1d585bc41141e",
    "textType" : "Plain"
  }, {
    "arrayNameTitle" : null,
    "arrayValueTitle" : null,
    "booleanNoValue" : null,
    "booleanValueType" : "true/false",
    "booleanYesValue" : null,
    "choiceAllowEmpty" : false,
    "choiceAllowMultiple" : false,
    "choiceDynamic" : false,
    "choiceFields" : [ ],
    "choiceSortOption" : "Sequence",
    "choices" : [ ],
    "defaultListView" : false,
    "fieldLength" : null,
    "fieldMapping" : "Text Field 1",
    "fieldRestriction" : "No Restriction",
    "fieldType" : "Text",
    "fieldValue" : null,
    "formColumnSpan" : 1,
    "formEndRow" : false,
    "formStartRow" : false,
    "hint" : "directory, file, container, bucket",
    "intFieldMax" : null,
    "intFieldMin" : null,
    "label" : "Source",
    "name" : "source",
    "noSpaceIfHidden" : false,
    "preserveOutputOnRerun" : false,
    "preserveValueIfHidden" : false,
    "requireIfField" : null,
    "requireIfFieldValue" : null,
    "requireIfVisible" : false,
    "required" : false,
    "sequence" : 7,
    "showIfField" : "Choice Field 1",
    "showIfFieldValue" : "copy,move,copy-url",
    "sysId" : "54bba996bec54e68b4b9de73fd203ce4",
    "textType" : "Plain"
  }, {
    "arrayNameTitle" : null,
    "arrayValueTitle" : null,
    "booleanNoValue" : null,
    "booleanValueType" : "true/false",
    "booleanYesValue" : null,
    "choiceAllowEmpty" : false,
    "choiceAllowMultiple" : false,
    "choiceDynamic" : false,
    "choiceFields" : [ ],
    "choiceSortOption" : "Sequence",
    "choices" : [ ],
    "defaultListView" : false,
    "fieldLength" : null,
    "fieldMapping" : "Text Field 2",
    "fieldRestriction" : "No Restriction",
    "fieldType" : "Text",
    "fieldValue" : null,
    "formColumnSpan" : 1,
    "formEndRow" : false,
    "formStartRow" : false,
    "hint" : "directory, file, container, bucket",
    "intFieldMax" : null,
    "intFieldMin" : null,
    "label" : "Target",
    "name" : "target",
    "noSpaceIfHidden" : false,
    "preserveOutputOnRerun" : false,
    "preserveValueIfHidden" : false,
    "requireIfField" : null,
    "requireIfFieldValue" : null,
    "requireIfVisible" : false,
    "required" : false,
    "sequence" : 8,
    "showIfField" : "Choice Field 1",
    "showIfFieldValue" : "copy,move,copy-url",
    "sysId" : "a851e2e5f3204aa3be41b5c8cbf42166",
    "textType" : "Plain"
  }, {
    "arrayNameTitle" : null,
    "arrayValueTitle" : null,
    "booleanNoValue" : null,
    "booleanValueType" : "true/false",
    "booleanYesValue" : null,
    "choiceAllowEmpty" : false,
    "choiceAllowMultiple" : false,
    "choiceDynamic" : false,
    "choiceFields" : [ ],
    "choiceSortOption" : "Sequence",
    "choices" : [ ],
    "defaultListView" : false,
    "fieldLength" : null,
    "fieldMapping" : "Text Field 8",
    "fieldRestriction" : "No Restriction",
    "fieldType" : "Text",
    "fieldValue" : null,
    "formColumnSpan" : 1,
    "formEndRow" : false,
    "formStartRow" : false,
    "hint" : null,
    "intFieldMax" : null,
    "intFieldMin" : null,
    "label" : "Source Storage Type",
    "name" : "source_storage_type",
    "noSpaceIfHidden" : false,
    "preserveOutputOnRerun" : false,
    "preserveValueIfHidden" : false,
    "requireIfField" : null,
    "requireIfFieldValue" : null,
    "requireIfVisible" : false,
    "required" : false,
    "sequence" : 9,
    "showIfField" : "Choice Field 1",
    "showIfFieldValue" : "copy,move",
    "sysId" : "9903e0fc5a7c44149a77f6891511e523",
    "textType" : "Plain"
  }, {
    "arrayNameTitle" : null,
    "arrayValueTitle" : null,
    "booleanNoValue" : null,
    "booleanValueType" : "true/false",
    "booleanYesValue" : null,
    "choiceAllowEmpty" : false,
    "choiceAllowMultiple" : false,
    "choiceDynamic" : false,
    "choiceFields" : [ ],
    "choiceSortOption" : "Sequence",
    "choices" : [ ],
    "defaultListView" : false,
    "fieldLength" : null,
    "fieldMapping" : "Text Field 9",
    "fieldRestriction" : "No Restriction",
    "fieldType" : "Text",
    "fieldValue" : null,
    "formColumnSpan" : 1,
    "formEndRow" : false,
    "formStartRow" : false,
    "hint" : null,
    "intFieldMax" : null,
    "intFieldMin" : null,
    "label" : "Target Storage Type",
    "name" : "target_storage_type",
    "noSpaceIfHidden" : false,
    "preserveOutputOnRerun" : false,
    "preserveValueIfHidden" : false,
    "requireIfField" : null,
    "requireIfFieldValue" : null,
    "requireIfVisible" : false,
    "required" : false,
    "sequence" : 10,
    "showIfField" : "Choice Field 1",
    "showIfFieldValue" : "copy,move,copy-url",
    "sysId" : "f72631745b794e92bf8b2b18eb81ab3e",
    "textType" : "Plain"
  }, {
    "arrayNameTitle" : null,
    "arrayValueTitle" : null,
    "booleanNoValue" : null,
    "booleanValueType" : "true/false",
    "booleanYesValue" : null,
    "choiceAllowEmpty" : false,
    "choiceAllowMultiple" : false,
    "choiceDynamic" : false,
    "choiceFields" : [ ],
    "choiceSortOption" : "Sequence",
    "choices" : [ ],
    "defaultListView" : false,
    "fieldLength" : null,
    "fieldMapping" : "Text Field 3",
    "fieldRestriction" : "No Restriction",
    "fieldType" : "Text",
    "fieldValue" : null,
    "formColumnSpan" : 1,
    "formEndRow" : false,
    "formStartRow" : false,
    "hint" : "bucket name, container name, file system directory",
    "intFieldMax" : null,
    "intFieldMin" : null,
    "label" : "Directory",
    "name" : "directory",
    "noSpaceIfHidden" : false,
    "preserveOutputOnRerun" : false,
    "preserveValueIfHidden" : false,
    "requireIfField" : null,
    "requireIfFieldValue" : null,
    "requireIfVisible" : false,
    "required" : false,
    "sequence" : 11,
    "showIfField" : "Choice Field 1",
    "showIfFieldValue" : "list-objects,create-object-store,remove-object-store,monitor-object",
    "sysId" : "03db93ac98524e3eb3c2bc3091fda131",
    "textType" : "Plain"
  }, {
    "arrayNameTitle" : null,
    "arrayValueTitle" : null,
    "booleanNoValue" : null,
    "booleanValueType" : "true/false",
    "booleanYesValue" : null,
    "choiceAllowEmpty" : false,
    "choiceAllowMultiple" : false,
    "choiceDynamic" : false,
    "choiceFields" : [ ],
    "choiceSortOption" : "Sequence",
    "choices" : [ ],
    "defaultListView" : false,
    "fieldLength" : null,
    "fieldMapping" : "Text Field 4",
    "fieldRestriction" : "No Restriction",
    "fieldType" : "Text",
    "fieldValue" : null,
    "formColumnSpan" : 1,
    "formEndRow" : false,
    "formStartRow" : false,
    "hint" : null,
    "intFieldMax" : null,
    "intFieldMin" : null,
    "label" : "UAC Base URL",
    "name" : "base_url_uac",
    "noSpaceIfHidden" : false,
    "preserveOutputOnRerun" : false,
    "preserveValueIfHidden" : false,
    "requireIfField" : null,
    "requireIfFieldValue" : null,
    "requireIfVisible" : false,
    "required" : false,
    "sequence" : 12,
    "showIfField" : null,
    "showIfFieldValue" : null,
    "sysId" : "242e9ab2143e4fcbb01a174a0b28f5e5",
    "textType" : "Plain"
  }, {
    "arrayNameTitle" : null,
    "arrayValueTitle" : null,
    "booleanNoValue" : null,
    "booleanValueType" : "true/false",
    "booleanYesValue" : null,
    "choiceAllowEmpty" : false,
    "choiceAllowMultiple" : false,
    "choiceDynamic" : false,
    "choiceFields" : [ ],
    "choiceSortOption" : "Sequence",
    "choices" : [ ],
    "defaultListView" : false,
    "fieldLength" : null,
    "fieldMapping" : "Credential Field 1",
    "fieldRestriction" : "No Restriction",
    "fieldType" : "Credential",
    "fieldValue" : null,
    "formColumnSpan" : 1,
    "formEndRow" : false,
    "formStartRow" : false,
    "hint" : null,
    "intFieldMax" : null,
    "intFieldMin" : null,
    "label" : "UAC Rest Credentials",
    "name" : "rest_credentials_uac",
    "noSpaceIfHidden" : false,
    "preserveOutputOnRerun" : false,
    "preserveValueIfHidden" : false,
    "requireIfField" : null,
    "requireIfFieldValue" : null,
    "requireIfVisible" : false,
    "required" : false,
    "sequence" : 13,
    "showIfField" : null,
    "showIfFieldValue" : null,
    "sysId" : "9067aa637a2a43ea9dcb53358f9fc42e",
    "textType" : "Plain"
  }, {
    "arrayNameTitle" : null,
    "arrayValueTitle" : null,
    "booleanNoValue" : null,
    "booleanValueType" : "true/false",
    "booleanYesValue" : null,
    "choiceAllowEmpty" : false,
    "choiceAllowMultiple" : false,
    "choiceDynamic" : false,
    "choiceFields" : [ ],
    "choiceSortOption" : "Sequence",
    "choices" : [ {
      "fieldValue" : "none",
      "sequence" : 0,
      "sysId" : "c1b9631745094c4c90410701c7dc77fc",
      "useFieldValueForLabel" : true
    }, {
      "fieldValue" : "include",
      "sequence" : 1,
      "sysId" : "3e807eb947d14b099280b15047d967f7",
      "useFieldValueForLabel" : true
    }, {
      "fieldValue" : "exclude",
      "sequence" : 2,
      "sysId" : "2a6186f6c0e34da59688a6b421a172ff",
      "useFieldValueForLabel" : true
    } ],
    "defaultListView" : false,
    "fieldLength" : null,
    "fieldMapping" : "Choice Field 6",
    "fieldRestriction" : "No Restriction",
    "fieldType" : "Choice",
    "fieldValue" : "none",
    "formColumnSpan" : 1,
    "formEndRow" : false,
    "formStartRow" : false,
    "hint" : null,
    "intFieldMax" : null,
    "intFieldMin" : null,
    "label" : "Filter Type",
    "name" : "filter_type",
    "noSpaceIfHidden" : false,
    "preserveOutputOnRerun" : false,
    "preserveValueIfHidden" : true,
    "requireIfField" : null,
    "requireIfFieldValue" : null,
    "requireIfVisible" : false,
    "required" : false,
    "sequence" : 14,
    "showIfField" : "Choice Field 1",
    "showIfFieldValue" : "copy,list-objects,move,remove-object,monitor-object",
    "sysId" : "91a171c606734370bf810c79ee670be0",
    "textType" : "Plain"
  }, {
    "arrayNameTitle" : null,
    "arrayValueTitle" : null,
    "booleanNoValue" : null,
    "booleanValueType" : "true/false",
    "booleanYesValue" : null,
    "choiceAllowEmpty" : false,
    "choiceAllowMultiple" : false,
    "choiceDynamic" : false,
    "choiceFields" : [ ],
    "choiceSortOption" : "Sequence",
    "choices" : [ ],
    "defaultListView" : false,
    "fieldLength" : null,
    "fieldMapping" : "Text Field 6",
    "fieldRestriction" : "No Restriction",
    "fieldType" : "Text",
    "fieldValue" : null,
    "formColumnSpan" : 1,
    "formEndRow" : false,
    "formStartRow" : false,
    "hint" : null,
    "intFieldMax" : null,
    "intFieldMin" : null,
    "label" : "File Path",
    "name" : "file_path",
    "noSpaceIfHidden" : false,
    "preserveOutputOnRerun" : false,
    "preserveValueIfHidden" : false,
    "requireIfField" : null,
    "requireIfFieldValue" : null,
    "requireIfVisible" : false,
    "required" : false,
    "sequence" : 15,
    "showIfField" : "Choice Field 1",
    "showIfFieldValue" : "remove-object",
    "sysId" : "3b2e886d2e1b46339d42c0f287b1e148",
    "textType" : "Plain"
  }, {
    "arrayNameTitle" : null,
    "arrayValueTitle" : null,
    "booleanNoValue" : null,
    "booleanValueType" : "true/false",
    "booleanYesValue" : null,
    "choiceAllowEmpty" : false,
    "choiceAllowMultiple" : false,
    "choiceDynamic" : false,
    "choiceFields" : [ ],
    "choiceSortOption" : "Sequence",
    "choices" : [ ],
    "defaultListView" : false,
    "fieldLength" : null,
    "fieldMapping" : "Text Field 5",
    "fieldRestriction" : "No Restriction",
    "fieldType" : "Text",
    "fieldValue" : null,
    "formColumnSpan" : 1,
    "formEndRow" : false,
    "formStartRow" : false,
    "hint" : null,
    "intFieldMax" : null,
    "intFieldMin" : null,
    "label" : "Filter",
    "name" : "filter",
    "noSpaceIfHidden" : false,
    "preserveOutputOnRerun" : false,
    "preserveValueIfHidden" : false,
    "requireIfField" : null,
    "requireIfFieldValue" : null,
    "requireIfVisible" : false,
    "required" : false,
    "sequence" : 16,
    "showIfField" : "Choice Field 1",
    "showIfFieldValue" : "copy,list-objects,move,remove-object,monitor-object",
    "sysId" : "969b4d3019b9433c8b506462a4bebe86",
    "textType" : "Plain"
  }, {
    "arrayNameTitle" : null,
    "arrayValueTitle" : null,
    "booleanNoValue" : null,
    "booleanValueType" : "true/false",
    "booleanYesValue" : null,
    "choiceAllowEmpty" : false,
    "choiceAllowMultiple" : false,
    "choiceDynamic" : false,
    "choiceFields" : [ ],
    "choiceSortOption" : "Sequence",
    "choices" : [ ],
    "defaultListView" : false,
    "fieldLength" : null,
    "fieldMapping" : "Text Field 7",
    "fieldRestriction" : "No Restriction",
    "fieldType" : "Text",
    "fieldValue" : null,
    "formColumnSpan" : 1,
    "formEndRow" : false,
    "formStartRow" : false,
    "hint" : null,
    "intFieldMax" : null,
    "intFieldMin" : null,
    "label" : "Other Parameters",
    "name" : "other_parameters",
    "noSpaceIfHidden" : false,
    "preserveOutputOnRerun" : false,
    "preserveValueIfHidden" : false,
    "requireIfField" : null,
    "requireIfFieldValue" : null,
    "requireIfVisible" : false,
    "required" : false,
    "sequence" : 17,
    "showIfField" : null,
    "showIfFieldValue" : null,
    "sysId" : "430107e6bceb4389b72fb8a1b692d92a",
    "textType" : "Plain"
  }, {
    "arrayNameTitle" : null,
    "arrayValueTitle" : null,
    "booleanNoValue" : null,
    "booleanValueType" : "true/false",
    "booleanYesValue" : null,
    "choiceAllowEmpty" : false,
    "choiceAllowMultiple" : false,
    "choiceDynamic" : false,
    "choiceFields" : [ ],
    "choiceSortOption" : "Sequence",
    "choices" : [ ],
    "defaultListView" : false,
    "fieldLength" : null,
    "fieldMapping" : "Boolean Field 1",
    "fieldRestriction" : "No Restriction",
    "fieldType" : "Boolean",
    "fieldValue" : "false",
    "formColumnSpan" : 1,
    "formEndRow" : false,
    "formStartRow" : false,
    "hint" : null,
    "intFieldMax" : null,
    "intFieldMin" : null,
    "label" : "Dry-run",
    "name" : "dry_run",
    "noSpaceIfHidden" : false,
    "preserveOutputOnRerun" : false,
    "preserveValueIfHidden" : false,
    "requireIfField" : null,
    "requireIfFieldValue" : null,
    "requireIfVisible" : false,
    "required" : false,
    "sequence" : 18,
    "showIfField" : "Choice Field 1",
    "showIfFieldValue" : "copy,move,remove-object,remove-object-store,create-object-store",
    "sysId" : "830553b49190498484a4ca230c417401",
    "textType" : "Plain"
  }, {
    "arrayNameTitle" : null,
    "arrayValueTitle" : null,
    "booleanNoValue" : null,
    "booleanValueType" : "true/false",
    "booleanYesValue" : null,
    "choiceAllowEmpty" : false,
    "choiceAllowMultiple" : false,
    "choiceDynamic" : false,
    "choiceFields" : [ ],
    "choiceSortOption" : "Sequence",
    "choices" : [ {
      "fieldValue" : "ls",
      "fieldValueLabel" : "list size and path ",
      "sequence" : 0,
      "sysId" : "9abe88bbecbe4c9da657da04669d439d",
      "useFieldValueForLabel" : false
    }, {
      "fieldValue" : "lsl",
      "fieldValueLabel" : "list modification time, size and path",
      "sequence" : 1,
      "sysId" : "b6e27ad76cf041f6bffdbcbe4987ae16",
      "useFieldValueForLabel" : false
    }, {
      "fieldValue" : "lsf",
      "fieldValueLabel" : "list objects and directories",
      "sequence" : 2,
      "sysId" : "4ce4772b384f4d96809ff154bbdfa8e9",
      "useFieldValueForLabel" : false
    }, {
      "fieldValue" : "lsjson",
      "fieldValueLabel" : " list objects and directories (Json)",
      "sequence" : 3,
      "sysId" : "64adca2498ee4242aad4849106ff0cf2",
      "useFieldValueForLabel" : false
    } ],
    "defaultListView" : false,
    "fieldLength" : null,
    "fieldMapping" : "Choice Field 7",
    "fieldRestriction" : "No Restriction",
    "fieldType" : "Choice",
    "fieldValue" : "ls",
    "formColumnSpan" : 1,
    "formEndRow" : false,
    "formStartRow" : false,
    "hint" : null,
    "intFieldMax" : null,
    "intFieldMin" : null,
    "label" : "List Format",
    "name" : "listformat",
    "noSpaceIfHidden" : false,
    "preserveOutputOnRerun" : false,
    "preserveValueIfHidden" : false,
    "requireIfField" : null,
    "requireIfFieldValue" : null,
    "requireIfVisible" : false,
    "required" : false,
    "sequence" : 19,
    "showIfField" : "Choice Field 1",
    "showIfFieldValue" : "list-objects",
    "sysId" : "516b68d8ca39497bacc9d8eaab515536",
    "textType" : "Plain"
  }, {
    "arrayNameTitle" : null,
    "arrayValueTitle" : null,
    "booleanNoValue" : null,
    "booleanValueType" : "true/false",
    "booleanYesValue" : null,
    "choiceAllowEmpty" : false,
    "choiceAllowMultiple" : false,
    "choiceDynamic" : false,
    "choiceFields" : [ ],
    "choiceSortOption" : "Sequence",
    "choices" : [ {
      "fieldValue" : "10",
      "fieldValueLabel" : "10s",
      "sequence" : 0,
      "sysId" : "f8d3db7e2b154db59ad7996df3b37fdc",
      "useFieldValueForLabel" : false
    }, {
      "fieldValue" : "60",
      "fieldValueLabel" : "60s",
      "sequence" : 1,
      "sysId" : "9db25b246b12435b813dbc1ee0ad6e0d",
      "useFieldValueForLabel" : false
    }, {
      "fieldValue" : "180",
      "fieldValueLabel" : "180s",
      "sequence" : 2,
      "sysId" : "f58b9c2e2c6a4fdd9a3eb5405be9d522",
      "useFieldValueForLabel" : false
    } ],
    "defaultListView" : false,
    "fieldLength" : null,
    "fieldMapping" : "Choice Field 8",
    "fieldRestriction" : "No Restriction",
    "fieldType" : "Choice",
    "fieldValue" : "10",
    "formColumnSpan" : 1,
    "formEndRow" : false,
    "formStartRow" : false,
    "hint" : "interval to check for new files to monitor",
    "intFieldMax" : null,
    "intFieldMin" : null,
    "label" : "Interval",
    "name" : "interval",
    "noSpaceIfHidden" : false,
    "preserveOutputOnRerun" : false,
    "preserveValueIfHidden" : false,
    "requireIfField" : null,
    "requireIfFieldValue" : null,
    "requireIfVisible" : false,
    "required" : false,
    "sequence" : 20,
    "showIfField" : "Choice Field 1",
    "showIfFieldValue" : "monitor-object",
    "sysId" : "8a52be3e0f9c4bcb9b9c9cccf0e38d31",
    "textType" : "Plain"
  }, {
    "arrayNameTitle" : null,
    "arrayValueTitle" : null,
    "booleanNoValue" : null,
    "booleanValueType" : "true/false",
    "booleanYesValue" : null,
    "choiceAllowEmpty" : false,
    "choiceAllowMultiple" : false,
    "choiceDynamic" : false,
    "choiceFields" : [ ],
    "choiceSortOption" : "Sequence",
    "choices" : [ ],
    "defaultListView" : false,
    "fieldLength" : null,
    "fieldMapping" : "Boolean Field 3",
    "fieldRestriction" : "No Restriction",
    "fieldType" : "Boolean",
    "fieldValue" : "false",
    "formColumnSpan" : 1,
    "formEndRow" : false,
    "formStartRow" : false,
    "hint" : null,
    "intFieldMax" : null,
    "intFieldMin" : null,
    "label" : "Trigger on Existence",
    "name" : "trigger_on_existence",
    "noSpaceIfHidden" : false,
    "preserveOutputOnRerun" : false,
    "preserveValueIfHidden" : false,
    "requireIfField" : null,
    "requireIfFieldValue" : null,
    "requireIfVisible" : false,
    "required" : false,
    "sequence" : 21,
    "showIfField" : "Choice Field 1",
    "showIfFieldValue" : "monitor-object",
    "sysId" : "0969ed7fe6fe4b30ac45efda8b3ef400",
    "textType" : "Plain"
  } ],
  "iconDateCreated" : "2021-02-03 14:57:37",
  "iconFilename" : "FAVICON48x48px.png",
  "iconFilesize" : 1558,
  "logLevel" : "Inherited",
  "minReleaseLevel" : "7.0.0.0",
  "name" : "Inter-Cloud-Data-Transfer",
  "outputConditionOperator" : "=",
  "outputConditionStrategy" : "Match Any",
  "outputConditionValue" : null,
  "outputContentType" : null,
  "outputFailureOnly" : false,
  "outputPathExpression" : null,
  "outputReturnFile" : null,
  "outputReturnNline" : "100",
  "outputReturnSline" : "1",
  "outputReturnText" : null,
  "outputReturnType" : "NONE",
  "outputType" : "STDOUT",
  "retainSysIds" : true,
  "runtimeDir" : null,
  "script" : null,
  "scriptTypeWindows" : null,
  "scriptUnix" : "#!/opt/universal/python3.6/bin/python3\n#\n#\n#    Name   : cloud2cloud.py\n#    Origins: Stonebranch\n#    Author : Nils Buer, Abdullah Saglam\n#    Date   : 01-02-2021\n#\n#    Requires Universal Agent for Linux/Windows\n#\n#    Copyright (c) Stonebranch, 2020.  All rights reserved.\n#\n#    Purpose: Start an Informatica WF or Task\n#\n#    Prerequisites:\n#     - Universal Agent for Windows/Linux 6.9 or higher\n#\n#\n#     Version History:\n#     0.1  Nils          01-02-2021   initial\n#     0.2  Abdullah/Nils 01-02-2021   credentials for script added\n#     0.x  Nils          01-02-2021   initial\n#     0.x  Nils          01-02-2021   initial\n#     0.3  Nils          02-02-2021   initial\n#     0.4  Nils          04-02-2021   filter\n#     0.5  Nils          22-02-2021   rmdir, delete\n#     0.6  Nils          22-02-2021   mkdir\n#     0.7  Nils          22-02-2021   cleanup\n#     0.8  Nils          26-02-2021   dry run added\n#     0.9  Nils          26-02-2021   dry run added\n#     1.0  Nils          26-02-2021   dry run added\n#     1.1  Nils          26-02-2021   cleanup\n#     1.2  Nils          29-03-2021   copy_url added\n#     1.3  Nils          14-04-2021   list types and filter for list objects\n#     1.4  Asaglam       14-04-2021   Monitor object\n#     1.5  Asaglam       28-05-2021   read stderr stdout\n#     1.6  Asaglam       01-06-2021   source destination : checks\n#     1.7  Nils          03-06-2021   fixed list directory action\n#     1.8  Asaglam       07-06-2021   source destination : checks\n#     1.9  Asaglam       14-06-2021   source destination : checks\n#\n# Used modules\n\nimport logging\nimport site\nimport subprocess\nimport sys\nimport time\nimport datetime\nimport requests\nimport json\nimport os\n\ngl_version = \"1.9\"\ngl_variable_prefix = \"var\"\n\n# Task Variables\ngl_action = \"${ops_var_action}\"\ngl_dry_run = True if \"${ops_var_dry_run}\" == \"true\" else False\ngl_rclone_conf = \"${ops_var_rclone_conf}\"\ngl_storage_type = \"${ops_var_storage_type}\".rstrip(\" :\") + \":\"\ngl_source_storage_type = \"${ops_var_source_storage_type}\".rstrip(\" :\") + \":\"\ngl_target_storage_type = \"${ops_var_target_storage_type}\".rstrip(\" :\") + \":\"\ngl_source = \"${ops_var_source}\"\ngl_target = \"${ops_var_target}\"\ngl_directory = \"${ops_var_directory}\"\ngl_file_path = \"${ops_var_file_path}\"\ngl_list_format = \"${ops_var_listformat}\"\ngl_rclone_conf_path = \"${_scriptPath('${ops_var_rclone_conf}')}\"\ngl_base_url_uac = \"${ops_var_base_url_uac}\".rstrip(\" /\")\ngl_auth_uac = (\"${_credentialUser('${ops_var_rest_credentials_uac}')}\",\n               \"${_credentialPwd('${ops_var_rest_credentials_uac}')}\")\n\n# gl_base_url_uac = \"${ops_var_base_url_uac}\".rstrip(\" /\")\n# gl_auth_uac = (\"${_credentialUser('${ops_var_rest_credentials_uac}')}\",\"${_credentialPwd('${ops_var_rest_credentials_uac}')}\")\ngl_sb_rest = None\ngl_filter = \"${ops_var_filter}\"\ngl_filter_type = \"${ops_var_filter_type}\"\ngl_interval = \"${ops_var_interval}\"\ngl_trigger_on_existence = \"${ops_var_trigger_on_existence}\"\ngl_other_parameters = [parameter for parameter in \"${ops_var_other_parameters}\".strip().split()]\ngl_time_start = str(datetime.datetime.now().strftime(\"%Y-%m-%dT%H:%M:%S%z\"))\n# -- logging settings DEBUG, INFO, WARNING, ERROR, CRITICAL\n\nlogging.basicConfig(level=\"${ops_var_loglevel}\",\n                    format=' %(asctime)s - %(levelname)s - %(message)s')\n\n\ndef main():\n    global gl_sb_rest\n    print_variables()\n    gl_sb_rest = SbRestApi(gl_base_url_uac, gl_auth_uac)\n    if gl_action == \"lsd\":\n        list_directory(gl_storage_type)\n        pass\n    elif gl_action == \"list-objects\":\n        list_objects(gl_storage_type, gl_directory,\n                     gl_list_format, gl_filter_type, gl_filter)\n        pass\n    elif gl_action == \"copy\":\n        copy_new(gl_source_storage_type, gl_target_storage_type, gl_source,\n                 gl_target, gl_filter_type, gl_filter)\n        pass\n    elif gl_action == \"copy-url\":\n        copy_url(gl_source, gl_target_storage_type, gl_target)\n        pass\n    elif gl_action == \"move\":\n        move_new(gl_source_storage_type, gl_target_storage_type, gl_source,\n                 gl_target, gl_filter_type, gl_filter)\n        pass\n    elif gl_action == \"remove-object\":\n        remove_object(gl_storage_type,\n                      gl_file_path, gl_filter_type, gl_filter)\n        pass\n    elif gl_action == \"remove-object-store\":\n        remove_object_store(gl_storage_type,\n                            gl_directory)\n        pass\n    elif gl_action == \"create-object-store\":\n        create_object_store(gl_storage_type, gl_directory)\n        pass\n    elif gl_action == \"monitor-object\":\n        monitor_objects(gl_storage_type, gl_directory,\n                        gl_filter,\n                        gl_trigger_on_existence, gl_interval)\n        pass\n\n\ndef print_variables():\n    \"\"\"logging.infos out the python and script version\n    and all universal template variables\n    \"\"\"\n    logging.info(\"Python version <<< \" + sys.version + \" >>>\")\n    logging.info(\"Python sites <<< \" + str(site.getsitepackages()) + \" >>>\")\n    logging.info(\"Executing task version \" + gl_version + \" with the following \"\n                                                          \"parameters\")\n    print_defined_variables(gl_variable_prefix)\n\n\ndef print_defined_variables(variable_prefix):\n    \"\"\"logging.infos out universal template variables\"\"\"\n    all_variables = r\"\"\"${_scope}\"\"\"\n    separate_variables = [variable for variable in all_variables.split(', ') if\n                          \"ops_\" + variable_prefix in variable]\n    logging.info(str(separate_variables).replace(\", \", \",\\n\"))\n\n\ndef list_directory(storage_type):\n    \"\"\" list the directory of the given connection type e.g., buckets, containes .. \"\"\"\n    # rclone lsd google:\n    try:\n        cmd = ['rclone', '--config', gl_rclone_conf_path, 'lsd', storage_type]\n        if gl_other_parameters:\n            cmd += gl_other_parameters\n        process = subprocess.check_output(cmd)\n    except subprocess.CalledProcessError as e:\n        print(e.output)\n        logging.error(\"Error Code: \" + str(e.returncode))\n        exit(1)\n\n    out = process.decode(encoding='utf-8', errors='ignore')\n    print(f\"######  {storage_type} Container / buckets ######\")\n    print(out)\n\n\ndef list_objects(storage_type, directory, list_format, filter_type,\n                 filter_name, additional_filter=\"\"):\n    \"\"\" list the objects in a directory of the given connection type\n    e.g. s3 keys in a bucket\n    \"\"\"\n    # rclone ls azure:stonebranchpm\n    list_output = \"\"\n    try:\n        logging.info(\"############  List Objects Action ###############\")\n        cmd = ['rclone', '--config', gl_rclone_conf_path, list_format,\n               storage_type + directory\n               ]\n        if filter_type != \"none\":\n            cmd += [\"--\" + filter_type, filter_name]\n        if additional_filter:\n            cmd += [additional_filter]\n        if gl_other_parameters:\n            cmd += gl_other_parameters\n        logging.debug(cmd)\n        list_output = execute(cmd)\n    except subprocess.CalledProcessError as e:\n        print(e.output)\n        logging.error(\"Error Code: \" + str(e.returncode))\n        exit(1)\n    else:\n        print(f\"######  object in {directory} ######\")\n        print(list_output)\n        return list_output\n\n\ndef monitor_objects(storage_type, directory,\n                    filter_name, trigger_on_existence, interval):\n    \"\"\" monitor objects in a directory of the given connection type\n    e.g. s3 keys in a bucket\n    \"\"\"\n    # rclone lsjson azure:stonebranchpm\n    logging.info(\"############  Monitor Objects Action ###############\")\n    found = False  # allow for at least one iteration\n    while not found:\n        list_output = list_objects(storage_type, directory, \"lsjson\",\n                                   \"include\",\n                                   filter_name,\n                                   additional_filter=\"--files-only\")\n        list_output_json = json.loads(list_output)\n        if list_output_json:\n            logging.debug(\"list_output_json\")\n            logging.debug(list_output_json)\n            for existing_object in list_output_json:\n                # logging.debug(existing_object[\"ModTime\"])\n                # logging.debug(trigger_on_existence)\n                if trigger_on_existence == \"true\":\n                    found = True\n                    print(\"Found, Already exists: %s\" % existing_object)\n                elif gl_time_start < existing_object[\"ModTime\"]:\n                    found = True\n                    print(\"Found, New: %s\" % existing_object)\n        # break\n        if not found:\n            logging.info(\"sleeping for %s seconds now\" % interval)\n            time.sleep(float(interval))\n\n\ndef copy_new(source_storage_type, target_storage_type, source, target,\n             filter_type, filter_name):\n    \"\"\" Copy files from source to dest, skipping already copied.\"\"\"\n    # rclone copy --progress s3:stonebranchpm / test1.txt s3:stonebranchpmtest\n    try:\n        logging.info(\"############  copy action ###############\")\n        cmd = ['rclone', '--config', gl_rclone_conf_path,\n               'copy', '--progress',\n               source_storage_type + source,\n               target_storage_type + target\n               ]\n        if filter_type != \"none\":\n            cmd += [\"--\" + filter_type, filter_name]\n        cmd += [\"--error-on-no-transfer\", \"--log-level\", \"DEBUG\"]\n        if gl_other_parameters:\n            cmd += gl_other_parameters\n        if gl_dry_run:\n            cmd += [\"--dry-run\"]\n        logging.debug(cmd)\n        execute(cmd)\n    except subprocess.CalledProcessError as e:\n        print(e.output)\n        logging.error(\"Error Code: \" + str(e.returncode))\n        exit(1)\n\n\ndef copy_url(source, target_storage_type, target):\n    \"\"\" Copy file from url to dest. \"\"\"\n    # rclone --config /root/.config/rclone/rclone.conf copyurl https://example.com/blz-loeschungen-aktuell-data.pdf local:in --auto-filename --progress\n    try:\n        logging.info(\"############  copy_url action ###############\")\n        cmd = ['rclone', '--config', gl_rclone_conf_path,\n               'copyurl', source,\n               target_storage_type + target, '--auto-filename', '--progress'\n               ]\n        if gl_other_parameters:\n            cmd += gl_other_parameters\n        logging.debug(cmd)\n        execute(cmd)\n    except subprocess.CalledProcessError as e:\n        print(e.output)\n        logging.error(\"Error Code: \" + str(e.returncode))\n        exit(1)\n\n\ndef move_new(source_storage_type, target_storage_type, source, target,\n             filter_type, filter_name):\n    \"\"\" Copy files from source to dest, skipping already copied.\"\"\"\n    # rclone move --progress s3:stonebranchpm / test1.txt s3:stonebranchpmtest\n    try:\n        logging.info(\"############  move action ###############\")\n        cmd = ['rclone', '--config', gl_rclone_conf_path,\n               'move', '--progress',\n               source_storage_type + source,\n               target_storage_type + target\n               ]\n        if filter_type != \"none\":\n            cmd += [\"--\" + filter_type, filter_name]\n        cmd += [\"--error-on-no-transfer\", \"--log-level\", \"DEBUG\"]\n        if gl_other_parameters:\n            cmd += gl_other_parameters\n        if gl_dry_run:\n            cmd += [\"--dry-run\"]\n        logging.debug(cmd)\n        execute(cmd)\n    except subprocess.CalledProcessError as e:\n        print(e.output)\n        logging.error(\"Error Code: \" + str(e.returncode))\n        exit(1)\n\n\ndef remove_object(target_storage_type, target, filter_type, filter_name):\n    \"\"\" Remove files from dest.\"\"\"\n    # rclone delete s3:stonebranchpm / test1.txt\n    try:\n        logging.info(\"############  remove object action ###############\")\n        cmd = ['rclone', '--config', gl_rclone_conf_path,\n               'delete', target_storage_type + target, '--rmdirs'\n               ]\n        if filter_type != \"none\":\n            cmd += [\"--\" + filter_type, filter_name]\n        if gl_other_parameters:\n            cmd += gl_other_parameters\n        cmd += [\"--log-level\", \"DEBUG\"]\n        if gl_dry_run:\n            cmd += [\"--dry-run\"]\n        logging.debug(cmd)\n        output = execute(cmd)\n        if \"eleted\" not in output:\n            print(\"Nothing deleted\")\n            exit(1)\n    except subprocess.CalledProcessError as e:\n        print(e.output)\n        logging.error(\"Error Code: \" + str(e.returncode))\n        exit(1)\n\n\ndef remove_object_store(target_storage_type, target):\n    \"\"\" Remove empty directories from dest.\"\"\"\n    # rclone rmdir s3:stonebranchpm / test1.txt\n    try:\n        logging.info(\"############  remove object store action ###############\")\n        cmd = ['rclone', '--config', gl_rclone_conf_path,\n               'rmdir', target_storage_type + target\n               ]\n        if gl_other_parameters:\n            cmd += gl_other_parameters\n        cmd += [\"--log-level\", \"DEBUG\"]\n        if gl_dry_run:\n            cmd += [\"--dry-run\"]\n        logging.debug(cmd)\n        output = execute(cmd)\n        if \"eleted\" not in output:\n            print(\"Nothing deleted\")\n            exit(1)\n    except subprocess.CalledProcessError as e:\n        print(\"xxxxxxxxxx except output 1\")\n        print(e.output)\n        print(\"xxxxxxxxxx except output 1\")\n        logging.error(\"Error Code: \" + str(e.returncode))\n        exit(1)\n\n\ndef create_object_store(storage_type, directory):\n    \"\"\" Create empty directory from dest.\"\"\"\n    # rclone mkdir s3:stonebranchpm / test1.txt\n    try:\n        logging.info(\"############  create object store action ###############\")\n        cmd = ['rclone', '--config', gl_rclone_conf_path,\n               'mkdir', storage_type + directory\n               ]\n        if gl_other_parameters:\n            cmd += gl_other_parameters\n        cmd += [\"--log-level\", \"DEBUG\"]\n        if gl_dry_run:\n            cmd += [\"--dry-run\"]\n        logging.debug(cmd)\n        output = execute(cmd)\n        if \"created\" not in output:\n            print(\"Nothing created\")\n            exit(1)\n    except subprocess.CalledProcessError as e:\n        print(e)\n        logging.error(\"Error Code: \" + str(e.returncode))\n        exit(1)\n\n\ndef execute(cmd):\n    pipe_open = subprocess.Popen(cmd, stdout=subprocess.PIPE,stderr=subprocess.PIPE,\n                                 universal_newlines=True)\n    str_output = \"\"\n    while pipe_open.poll() is None:\n        line_out = pipe_open.stdout.readline()\n        if line_out != \"\":\n            str_output += line_out\n            logging.debug(\"LIBRARY STDOUT: \" + line_out)\n        line_err = pipe_open.stderr.readline()\n        if line_err != \"\":\n            str_output += line_err\n            logging.debug(\"LIBRARY STDERR: \" + line_err)\n        stdout_line = line_out + line_err\n        if \"Unchanged skipping\" in stdout_line and \"DEBUG :\" in stdout_line:\n            print(stdout_line.split(\"DEBUG :\")[1].strip())\n        if \"Copied \" in stdout_line and \"INFO  :\" in stdout_line:\n            print(stdout_line.split(\"INFO  :\")[1].strip())\n        if \"There was nothing to transfer\" in stdout_line and \"INFO  :\" in stdout_line:\n            print(stdout_line.split(\"INFO  :\")[1].strip())\n        if \"ERROR\" in stdout_line:\n            print(stdout_line.split(\"ERROR :\")[1].strip())\n        if \"eleted\" in stdout_line and \"INFO  :\" in stdout_line:\n            print(stdout_line.split(\"INFO  :\")[1].strip())\n        if \"created\" in stdout_line and \"INFO  :\" in stdout_line:\n            print(stdout_line.split(\"INFO  :\")[1].strip())\n    pipe_open.stdout.close()\n    pipe_open.stderr.close()\n    return_code = pipe_open.wait()\n    return str_output\n    for stdout_line in iter(pipe_open.stdout.readline, \"\"):\n        print(\"x\")\n        str_output += stdout_line\n        logging.debug(\"LIBRARY: \" + stdout_line)\n        print(\"LIBRARY: \" + stdout_line)\n        # if \"Transferred:\" in stdout_line and \"ETA\" in stdout_line:\n        if stdout_line.startswith(\"Transferred:\") and \"ETA\" in stdout_line:\n            op_memo_text = stdout_line[\n                           stdout_line.index(\"Transferred:\") + 12:].strip()\n            gl_sb_rest.update_task_op_memo(op_memo_text)\n        if \"Unchanged skipping\" in stdout_line and \"DEBUG :\" in stdout_line:\n            print(stdout_line.split(\"DEBUG :\")[1].strip())\n        if \"Copied \" in stdout_line and \"INFO  :\" in stdout_line:\n            print(stdout_line.split(\"INFO  :\")[1].strip())\n        if \"There was nothing to transfer\" in stdout_line and \"INFO  :\" in stdout_line:\n            print(stdout_line.split(\"INFO  :\")[1].strip())\n        if \"ERROR\" in stdout_line:\n            print(stdout_line.split(\"ERROR :\")[1].strip())\n        if \"Deleted\" in stdout_line and \"INFO  :\" in stdout_line:\n            print(stdout_line.split(\"INFO  :\")[1].strip())\n        if \"created\" in stdout_line and \"INFO  :\" in stdout_line:\n            print(stdout_line.split(\"INFO  :\")[1].strip())\n    print(\"xX\")\n    pipe_open.stdout.close()\n    return_code = pipe_open.wait()\n    if return_code:\n        print(str_output)\n        raise subprocess.CalledProcessError(return_code, cmd, str_output)\n    return str_output\n\n\nclass SbRestApi:\n    \"\"\"Stonebranch REST API Class for python\n\n    This class is written for web service operations to UAC\n\n    Attributes:\n        _base_url: base uac url\n        _auth_uac: authentication for uac\n        _library_version: keeps the class library version\n    \"\"\"\n\n    def __init__(self, base_url, authentication):\n        self._base_url = base_url\n        self._auth_uac = authentication\n        self._library_version = \"1.0\"\n        logging.info(\n            \"REST SB library version \" + self._library_version)\n\n    def launch_task(self, data_str):\n        url = '%s/resources/task/ops-task-launch' % self._base_url\n        logging.debug('URL: %s' % url)\n        local_headers = {'content-type': 'application/json'}\n\n        response = requests.post(url, headers=local_headers, data=data_str,\n                                 auth=self._auth_uac, stream=True)\n\n        if 200 != response.status_code:\n            logging.error('Response: %s' % response)\n            logging.error('Response: %s' % response.text)\n            exit(1)\n        else:\n            logging.debug('Response 200 received')\n\n    def update_task_op_memo(self, op_memo_text):\n        logging.info('Updating task operational memo of %s to %s' % (\n            \"${ops_task_id}\", op_memo_text))\n        url = '%s/resources/taskinstance/updatememo?taskinstanceid=${ops_task_id}' % self._base_url\n        logging.debug('URL: %s' % url)\n        local_headers = {'Content-Type': 'text/plain'}\n        response = requests.put(url, headers=local_headers, data=op_memo_text,\n                                auth=self._auth_uac, stream=True, verify=False)\n\n        if 200 != response.status_code:\n            logging.error('Response: %s' % response.text)\n            exit(1)\n        else:\n            logging.debug('Response 200 received %s' % response.text)\n\n        resp_data = None\n        try:\n            resp_data = response.json()\n            # ...\n        except ValueError:\n            # no JSON returned\n            pass\n        logging.debug(\"received data: %s\" % resp_data)\n\n\nif __name__ == '__main__':\n    main()\n",
  "scriptWindows" : null,
  "sysId" : "93d947a2125142a5a706559aa3d333ac",
  "templateType" : "Script",
  "useCommonScript" : false,
  "variablePrefix" : "var",
  "waitForOutput" : false
}